#Chrom	Pos	Ref	Alt	RawScore	PHRED
1	2408451	C	T	5.052779	33
1	3816372	T	C	4.714845	32
1	3839606	A	G	4.690257	32
1	11022737	T	C	1.500889	15.74
1	11023351	G	A	1.250302	14.02
1	11790916	C	T	1.366032	14.85
1	11791206	C	A	5.598971	34
1	11792276	A	C	5.937674	35
1	11793905	A	G	5.329508	33
1	11796205	C	A	5.710221	34
1	11802880	C	T	5.893605	35
1	11952736	G	A	5.868265	35
1	12004615	T	C	5.781699	34
1	16125329	C	T	2.396152	22.1
1	16514283	T	C	1.022132	11.90
1	16996381	C	T	3.300148	24.1
1	17024076	T	C	4.949389	33
1	17027866	C	T	5.606196	34
1	17028599	C	T	5.407112	34
1	17028737	C	G	5.171293	33
1	17033058	A	T	5.597107	34
1	17033059	C	T	5.389263	34
1	17053947	C	A	5.739257	34
1	17053947	C	T	5.153642	33
1	21564217	G	A	5.054821	33
1	21573801	T	G	5.709107	34
1	23693914	G	A	5.439085	34
1	24337790	G	T	6.442770	36
1	24343026	G	T	5.667496	34
1	25553921	G	C	5.746632	34
1	25557269	T	G	4.993979	33
1	26447535	A	G	0.605619	7.567
1	28648604	A	G	1.869379	18.25
1	42747254	C	T	1.010642	11.76
1	42752536	C	A	4.961118	33
1	42757782	C	A	5.671853	34
1	44823064	G	A	0.576325	7.281
1	45332088	T	C	4.836443	33
1	46189457	C	T	5.291668	33
1	90916206	C	T	1.296859	14.36
1	91353299	C	G	4.393041	31
1	92834833	G	T	7.714175	39
1	94011395	A	G	1.672669	16.84
1	94060536	C	A	5.542408	34
1	99880047	G	T	5.838692	35
1	99915491	G	A	3.820879	25.9
1	99916398	A	G	3.393730	24.4
1	100467953	C	G	3.565568	24.9
1	108903235	G	T	5.818112	35
1	109608607	C	T	0.102948	2.118
1	145927328	C	G	1.379906	14.95
1	145927447	C	T	0.948731	10.98
1	150491665	A	G	2.181137	20.7
1	150552897	G	A	4.854973	33
1	151025513	A	G	4.539652	32
1	151399579	G	A	2.373519	22.0
1	154167941	C	T	4.816063	33
1	155240629	C	T	4.764473	33
1	156137033	G	C	3.647652	25.2
1	156137237	G	C	3.180740	23.8
1	156137642	T	G	4.209603	28.7
1	156138758	G	A	5.759331	34
1	156138762	G	A	2.851437	23.1
1	158656669	A	C	3.193465	23.8
1	159204893	T	C	2.012756	19.35
1	160032009	G	C	1.838286	18.02
1	161356841	G	A	5.658415	34
1	183577598	C	T	5.463643	34
1	193122332	G	A	6.359156	35
1	193130173	G	A	5.830344	35
1	196673968	T	G	2.638743	22.7
1	202334984	C	T	3.178373	23.8
1	205169835	G	A	1.092734	12.70
1	209632777	C	T	5.184949	33
1	209633028	C	T	0.516483	6.676
1	209633136	A	G	0.522215	6.735
1	214620653	A	C	5.296648	33
1	215891198	T	C	1.770243	17.52
1	225404715	T	C	4.029543	27.2
1	228149857	A	G	2.121066	20.3
1	228149860	A	G	1.908814	18.56
1	243305133	C	T	0.036033	1.577
10	13295608	T	C	5.600732	34
10	27100460	C	T	0.728930	8.720
10	44378102	C	T	0.058603	1.746
10	69278711	G	C	1.763445	17.47
10	71799634	G	A	2.614098	22.7
10	78009519	C	T	0.456335	6.042
10	87863608	G	T	0.933459	10.80
10	87863705	G	A	2.210568	20.9
10	87933253	T	G	5.457792	34
10	89011997	A	C	4.362582	31
10	89012083	T	A	4.847771	33
10	89012083	T	C	4.551539	32
10	93620620	T	A	2.828916	23.1
10	98435267	C	T	3.946882	26.6
10	99808231	T	A	5.578644	34
10	99811604	T	C	4.499642	32
10	102835249	C	A	4.347014	30
10	121517316	T	C	3.177423	23.8
10	121517464	C	T	3.774265	25.7
10	125816702	A	G	2.431241	22.2
10	125816708	C	T	1.674019	16.85
10	125816718	G	T	0.494943	6.451
10	125816722	G	T	1.536701	15.97
10	133369901	C	G	2.926704	23.3
11	299504	G	A	1.844624	18.06
11	680959	T	G	2.440800	22.2
11	2159793	T	C	1.123965	13.00
11	2160544	C	T	0.377348	5.174
11	2165787	A	T	0.395627	5.378
11	2395971	G	A	4.897974	33
11	5225487	T	C	1.640254	16.63
11	5225729	G	T	2.777604	23.0
11	5225832	G	C	-0.188842	0.540
11	5225923	G	A	-0.352195	0.242
11	5226820	C	T	0.944792	10.93
11	5226924	A	G	2.326241	21.7
11	5226925	C	A	2.934325	23.3
11	5226925	C	G	2.986394	23.4
11	5226925	C	T	2.931026	23.3
11	5227099	T	C	1.490510	15.68
11	5227099	T	G	1.459105	15.47
11	5227100	T	C	1.881547	18.35
11	5227101	A	T	1.618676	16.49
11	5227102	T	C	1.635545	16.60
11	5227103	G	T	1.378348	14.94
11	5227157	G	C	1.046042	12.19
11	5227158	G	C	1.144477	13.18
11	5227159	G	A	1.139870	13.14
11	5227172	G	A	1.009142	11.74
11	5232765	C	T	0.110681	2.188
11	5234514	T	C	0.588214	7.398
11	5234559	T	A	-0.197950	0.516
11	5234560	A	G	0.011408	1.408
11	5249971	G	A	1.803012	17.75
11	5249974	C	T	1.620404	16.50
11	5250052	G	C	0.366937	5.057
11	5250053	G	A	0.582032	7.337
11	5250055	A	G	0.717338	8.614
11	5254895	G	A	1.611959	16.45
11	5254895	G	T	1.563106	16.14
11	5254956	A	G	0.508806	6.596
11	5254983	G	C	0.775974	9.156
11	6616513	T	C	0.389886	5.314
11	17388225	C	A	0.525384	6.767
11	17397055	C	T	2.103902	20.1
11	18310943	T	C	2.893744	23.2
11	31664397	C	A	1.756142	17.42
11	31806397	C	G	4.082138	27.6
11	31810826	A	T	5.131275	33
11	32391966	A	T	2.642594	22.7
11	32391967	C	T	2.896739	23.2
11	32391968	G	A	2.285059	21.5
11	34960519	G	A	5.176818	33
11	34984569	G	A	5.965433	35
11	44171743	G	A	6.353454	35
11	46739505	G	A	0.392295	5.341
11	47337820	T	C	1.376083	14.92
11	47343281	C	T	1.518713	15.86
11	47347852	C	T	3.605923	25.1
11	47448165	G	T	-0.009310	1.278
11	47449174	T	C	2.174892	20.7
11	61967589	T	A	2.529774	22.5
11	62691424	G	C	2.840622	23.1
11	62692371	C	T	2.028368	19.47
11	63976224	G	C	4.979677	33
11	65206824	G	A	2.476207	22.4
11	65547915	C	T	3.619727	25.1
11	68041392	A	T	3.718937	25.5
11	68390053	G	A	5.603746	34
11	72234616	G	A	6.107563	35
11	78114262	T	C	2.310529	21.6
11	102594759	T	A	5.276899	33
11	108235839	G	A	2.751237	22.9
11	108293479	T	C	5.063728	33
11	112228271	A	T	0.451041	5.985
11	118340370	C	T	3.073867	23.6
11	119101490	C	T	3.502618	24.7
11	134216922	T	C	0.345774	4.816
12	14884212	C	T	5.238966	33
12	14884247	T	C	5.071122	33
12	31102313	T	C	4.079095	27.6
12	48980693	A	G	3.188680	23.8
12	56355703	C	G	3.553076	24.9
12	57782862	A	G	3.259751	24.0
12	88101183	T	C	0.411850	5.558
12	101757566	A	C	1.854463	18.14
12	102843782	G	A	1.147004	13.20
12	102843790	C	T	3.034640	23.5
12	102844333	T	C	2.991331	23.4
12	102852814	C	T	5.233409	33
12	110281780	C	G	1.802543	17.75
12	112455948	A	C	5.300001	33
12	112482073	G	T	6.159813	35
12	119832768	T	A	3.562043	24.9
12	132643404	T	C	2.636808	22.7
13	20193020	G	A	2.102788	20.1
13	24885671	C	G	4.508600	32
13	31247104	G	A	3.392309	24.4
13	39699477	A	G	1.794842	17.69
13	48303715	G	A	2.359003	21.9
13	48303724	G	T	2.292408	21.5
13	83878728	C	T	1.490188	15.67
14	23431584	C	T	5.141264	33
14	36518022	T	A	5.548951	34
14	65724328	G	T	3.553548	24.9
14	74486324	C	T	3.620905	25.1
14	75958692	G	A	0.670704	8.184
14	75980923	C	T	0.630875	7.809
14	77298688	C	T	6.037803	35
14	77320429	C	G	3.506950	24.7
14	81092611	G	C	3.326601	24.2
14	88833691	A	G	3.496552	24.7
14	88843851	G	A	5.455278	34
15	42731206	C	T	1.807327	17.79
15	48226575	A	G	2.386406	22.0
15	48446701	C	T	2.694437	22.8
15	48474652	T	A	5.452497	34
15	51218539	A	G	5.250663	33
15	51218658	G	T	1.635490	16.60
15	51236858	C	T	5.407307	34
15	52153937	T	C	2.203719	20.9
15	57234110	G	C	2.515908	22.5
15	68211258	C	A	3.637952	25.2
15	72349266	C	T	2.224626	21.1
15	80180230	G	A	3.062409	23.5
15	91004872	C	G	3.556473	24.9
16	173692	A	G	1.310992	14.47
16	173694	A	G	1.405751	15.12
16	1772656	C	T	1.909289	18.56
16	4798564	C	G	2.923280	23.3
16	8772778	A	G	5.393690	34
16	14627189	T	C	5.579133	34
16	16221832	C	T	5.160657	33
16	17138534	G	A	1.263812	14.12
16	23445968	T	C	3.022409	23.5
16	23452822	T	G	3.424990	24.5
16	31191479	G	A	1.473819	15.57
16	31484657	C	A	-0.206997	0.493
16	46693187	G	A	3.071614	23.6
16	47502989	A	G	5.264885	33
16	57656620	G	C	2.324975	21.7
16	67436156	C	T	0.078952	1.909
16	67942609	A	G	1.380323	14.95
16	71576031	T	C	3.301590	24.1
16	88735134	C	T	4.936118	33
16	89651659	C	T	1.591080	16.32
17	562498	C	T	3.545167	24.9
17	3659855	C	G	2.901823	23.2
17	4901641	C	T	0.939013	10.87
17	4903159	G	A	2.022392	19.43
17	6610163	G	T	0.434539	5.806
17	8173444	G	A	0.847748	9.878
17	8173448	G	C	0.594457	7.459
17	8173531	T	C	0.950924	11.01
17	8173532	C	T	0.917631	10.62
17	8173569	G	A	1.598092	16.36
17	8175756	C	T	3.981682	26.9
17	19347782	A	G	4.994405	33
17	28402322	C	T	3.934721	26.6
17	31221842	A	G	3.130258	23.7
17	31336328	A	G	2.035631	19.53
17	38334703	C	T	5.003942	33
17	40819516	C	T	5.293363	33
17	42901110	A	G	2.887877	23.2
17	43099773	A	T	4.793282	33
17	44262928	C	T	0.283435	4.096
17	44351164	G	A	4.806141	33
17	44375719	G	C	1.832567	17.97
17	45477899	C	T	4.991710	33
17	58210658	C	T	3.971400	26.8
17	58219149	A	G	5.487182	34
17	63917755	C	G	2.246062	21.2
17	63917759	C	G	4.243366	29.1
17	63917989	C	T	-0.019457	1.218
17	63918011	A	G	1.869185	18.25
17	63918012	C	T	3.557693	24.9
17	63918015	A	G	4.440619	31
17	63918016	C	G	4.386265	31
17	63918016	C	T	4.387388	31
17	63918138	T	A	4.632520	32
17	68512549	G	A	3.986579	26.9
17	68528994	A	G	2.698100	22.8
17	68529919	G	A	6.264769	35
17	68543723	T	C	5.720660	34
17	75836338	C	T	4.838850	33
17	75840506	C	A	5.218331	33
17	77320193	G	C	2.237112	21.1
17	78124181	T	A	5.024277	33
17	80104542	T	G	0.428793	5.744
17	80182795	G	A	3.025340	23.5
17	82893535	C	G	0.944919	10.94
18	23001782	T	G	1.171307	13.41
18	47851273	C	T	5.141823	33
18	57551312	T	C	3.150747	23.7
18	57554259	C	T	5.291128	33
18	57571588	A	G	0.575293	7.271
18	57580222	G	A	0.133827	2.411
18	58723046	A	G	5.835317	35
18	62113129	C	T	1.542231	16.01
18	70135176	T	C	0.929647	10.76
18	79710825	C	T	-0.130000	0.719
19	1105814	G	A	3.560375	24.9
19	6361944	A	G	3.651010	25.2
19	7456408	G	A	2.757777	22.9
19	11021722	C	G	2.993951	23.4
19	11035133	G	A	5.606804	34
19	11105602	T	C	4.332886	29.8
19	11120523	G	A	5.326546	33
19	11120608	C	G	0.622013	7.725
19	35033497	A	C	5.694595	34
19	35033827	G	A	7.929467	40
19	35126265	C	A	2.895494	23.2
19	35126848	C	G	3.376424	24.3
19	43744768	T	C	3.382535	24.4
19	45553912	C	G	2.686344	22.8
19	48297995	C	T	2.870077	23.2
19	48965344	C	T	2.731658	22.9
19	48965347	C	T	2.657595	22.7
19	48965348	A	G	2.736286	22.9
19	48965349	G	C	2.679390	22.8
19	48965359	G	C	2.685586	22.8
19	49016546	C	A	4.443854	31
19	49016546	C	G	4.159212	28.3
19	54123563	A	G	1.280377	14.24
19	54130024	C	G	0.470748	6.196
19	54934488	C	T	4.086618	27.6
19	54940930	C	T	2.711660	22.9
2	1887487	C	T	5.557736	34
2	19982552	A	T	2.253733	21.3
2	25164783	G	T	1.922297	18.66
2	26238931	T	C	2.663969	22.8
2	26238933	C	T	5.234621	33
2	27226128	C	T	1.225083	13.83
2	27226130	G	A	5.758759	34
2	27457760	A	T	2.178567	20.7
2	32128483	A	G	3.592858	25.0
2	43805249	A	G	3.276297	24.1
2	46909018	C	T	3.809956	25.9
2	46994356	G	T	5.386978	34
2	47022084	T	A	0.166052	2.746
2	47414421	A	T	2.595729	22.6
2	47476362	T	A	2.769850	23.0
2	47480876	G	C	2.809821	23.0
2	62904596	G	A	0.139235	2.465
2	69245213	A	G	-0.665628	0.052
2	71590178	A	G	0.839386	9.791
2	71661900	G	T	0.695347	8.412
2	71664443	G	A	3.622243	25.1
2	73844893	G	T	3.153028	23.7
2	73902698	C	A	1.159586	13.31
2	73950574	C	G	1.081334	12.58
2	74531106	G	C	5.590887	34
2	84459170	C	G	3.480179	24.6
2	85559076	C	A	5.463058	34
2	86217057	C	A	0.903547	10.47
2	86252072	T	C	5.678263	34
2	86254816	T	C	5.804710	35
2	88570873	C	T	5.602460	34
2	97733464	G	A	1.242484	13.96
2	108910459	C	T	5.358363	34
2	108930963	C	T	4.809772	33
2	112001199	A	G	5.713289	34
2	112019523	G	T	5.708848	34
2	113060943	T	C	2.288888	21.5
2	135120817	A	G	5.466047	34
2	165754927	C	T	3.920448	26.5
2	166051705	A	C	2.046950	19.61
2	168990800	C	T	5.908073	35
2	169014300	T	G	3.462966	24.6
2	169493012	A	G	3.465393	24.6
2	188988140	T	C	3.304487	24.1
2	188996501	G	T	3.770891	25.7
2	188997394	G	A	3.365134	24.3
2	189003067	G	T	3.212564	23.9
2	189061561	C	A	5.652538	34
2	190062219	C	T	3.562176	24.9
2	190294639	A	C	4.316230	29.7
2	190296956	G	C	4.330392	29.8
2	201628075	C	A	5.645132	34
2	202376806	G	A	0.566682	7.185
2	202513709	T	C	1.859868	18.18
2	202520206	G	T	2.500745	22.4
2	202542302	A	G	2.354721	21.9
2	203868052	G	T	5.838428	35
2	203871492	G	C	3.809184	25.9
2	232482850	C	A	5.851530	35
2	232484469	T	A	2.754520	22.9
2	233761152	G	C	5.056436	33
2	233768218	A	G	4.588291	32
2	238352956	T	G	2.255041	21.3
20	2467201	G	T	2.141026	20.4
20	10641459	C	G	5.385247	34
20	18057908	A	C	2.397496	22.1
20	18057941	A	G	2.392065	22.1
20	23049655	C	A	1.226429	13.84
20	32807751	G	A	1.127180	13.03
20	44625568	C	T	5.423135	34
20	45893314	A	G	3.008124	23.4
20	50945767	A	T	3.179335	23.8
20	62818517	G	A	5.481134	34
20	63689870	G	A	0.942483	10.91
20	63695558	T	C	3.003060	23.4
21	33582064	T	C	1.979158	19.10
21	33583688	T	C	0.137875	2.451
21	34880714	C	A	5.621644	34
21	36767213	C	T	2.462663	22.3
21	42485807	G	T	2.069528	19.78
21	43058970	T	G	6.372914	35
21	43774760	C	G	5.289168	33
21	44330349	T	A	0.451544	5.990
21	46125265	G	T	5.206326	33
22	19723410	C	G	1.716912	17.14
22	20061684	G	A	6.107237	35
22	20985828	G	A	2.267978	21.4
22	29636877	G	T	5.844709	35
22	30613044	T	G	4.738613	32
22	30615125	A	T	0.052899	1.702
22	32493282	G	T	5.867175	35
22	42619946	C	A	5.360938	34
22	42628144	C	G	0.135263	2.425
3	3146404	T	C	0.763446	9.037
3	3147899	C	G	2.190578	20.8
3	4782744	A	T	1.431704	15.29
3	4788144	G	T	3.064373	23.5
3	9453732	A	G	2.447769	22.3
3	14156333	A	C	5.535053	34
3	14168389	A	T	3.139168	23.7
3	14168404	T	C	1.326154	14.57
3	30688382	A	G	5.867742	35
3	31622328	G	T	1.231419	13.88
3	37001058	G	A	2.980328	23.4
3	37008801	A	G	1.901476	18.50
3	39391440	G	A	5.502845	34
3	46370771	C	T	0.138480	2.457
3	48884134	A	C	4.444369	31
3	49171662	C	T	0.895529	10.39
3	49422505	G	A	2.013035	19.36
3	51986254	G	A	5.512643	34
3	52407318	T	C	5.893863	35
3	69936756	G	A	5.181210	33
3	81648851	C	G	3.223343	23.9
3	119515865	A	G	0.493993	6.442
3	122257080	G	T	5.852063	35
3	128481945	C	A	6.010265	35
3	129461309	G	A	3.489214	24.7
3	142465860	G	C	0.812544	9.517
3	148994280	G	C	2.503872	22.4
3	149163840	A	G	5.301784	33
3	149176413	C	T	4.214458	28.8
3	180650140	T	C	-0.386882	0.205
3	180987023	C	G	5.305367	33
4	1003475	G	A	2.564916	22.6
4	5793722	G	T	3.645378	25.2
4	6291188	A	G	0.542440	6.942
4	6293966	C	G	0.303419	4.329
4	42963153	A	T	1.048287	12.22
4	43020345	C	A	4.810630	33
4	54727928	G	A	5.632908	34
4	55418167	G	A	0.171573	2.806
4	70635895	G	A	5.725797	34
4	78472331	G	T	6.233467	35
4	87657031	G	C	5.464035	34
4	88523797	C	T	1.394717	15.05
4	94253672	G	T	4.005406	27.0
4	102579043	A	G	3.596811	25.0
4	108024034	G	T	-0.267289	0.366
4	127898434	C	G	2.683857	22.8
4	154569320	C	T	-0.017773	1.228
4	154569800	G	T	5.884760	35
4	154608970	T	A	1.185196	13.52
4	154612013	C	T	3.010358	23.4
4	154612527	C	T	3.432872	24.5
4	157136891	G	A	4.098974	27.7
4	183684059	G	A	3.415694	24.4
4	183686751	A	G	2.295772	21.5
4	186274115	G	A	5.703247	34
4	186287824	G	A	4.978310	33
5	33964017	C	T	5.258349	33
5	36876937	CC	A	2.004205	19.29
5	37157382	C	T	1.041572	12.14
5	42711206	G	T	5.142047	33
5	56859707	T	A	3.428208	24.5
5	60927745	C	G	-0.147186	0.662
5	68293835	G	C	5.751802	34
5	68293835	G	T	6.593589	36
5	74720617	G	A	0.416963	5.614
5	78839434	A	C	2.669180	22.8
5	83537002	T	A	2.811932	23.0
5	83537002	T	C	2.215389	21.0
5	83537005	A	G	5.922121	35
5	83537005	A	T	5.935942	35
5	83537006	G	A	5.873941	35
5	83537006	G	C	5.681673	34
5	83542269	G	A	5.393610	34
5	83542270	T	A	5.432578	34
5	90628554	C	G	2.667285	22.8
5	112707526	A	G	2.352052	21.9
5	112707526	A	T	2.276996	21.4
5	112707527	T	C	2.271058	21.4
5	112707528	G	A	2.287095	21.5
5	128328823	T	A	5.178647	33
5	128335592	T	C	0.127149	2.345
5	138441091	G	T	2.929585	23.3
5	148086403	A	T	4.673664	32
5	149960981	T	C	4.952020	33
6	6320575	T	G	-0.121009	0.750
6	32039081	C	G	1.334452	14.63
6	33700516	G	C	2.511884	22.4
6	43049665	G	T	2.917737	23.2
6	50828617	A	T	5.704171	34
6	50828684	G	A	2.268718	21.4
6	83857238	T	G	1.571887	16.19
6	116877784	A	G	2.108656	20.2
6	136845605	A	G	1.155146	13.27
6	152321898	T	C	0.001710	1.346
6	158158267	A	G	2.785773	23.0
6	158986423	T	C	4.069318	27.5
7	246512	G	C	3.030806	23.5
7	248312	C	G	2.220056	21.0
7	5989798	A	T	4.902868	33
7	37862001	C	T	-0.115952	0.769
7	56104221	C	T	1.609830	16.44
7	94395818	A	G	0.579461	7.312
7	94401565	A	G	6.170921	35
7	94412122	G	A	5.961578	35
7	94426532	T	C	5.168633	33
7	107660756	T	C	1.988076	19.17
7	117509146	A	G	3.132733	23.7
7	117589467	A	G	0.272579	3.969
7	117611555	A	G	1.904445	18.52
7	117627502	T	C	0.389985	5.315
7	117627774	A	G	3.277921	24.1
7	117639961	C	T	-0.043126	1.088
7	129774757	C	T	2.152572	20.5
7	138734135	C	T	5.094948	33
7	138762435	C	T	4.809311	33
7	141615468	C	G	2.246811	21.2
7	143332409	T	C	1.831949	17.97
7	154305155	C	T	1.387298	15.00
7	156791137	T	C	1.855522	18.15
7	156791255	G	C	1.653969	16.72
7	156791472	C	T	1.741985	17.32
7	156791474	G	A	1.795390	17.70
7	156791480	G	A	1.734527	17.26
7	156791542	A	C	1.873433	18.28
7	156791547	A	G	1.867176	18.23
7	156791571	T	A	1.012086	11.78
7	156791579	C	T	1.093909	12.71
7	156791581	A	G	1.072188	12.49
7	156791771	G	C	1.146729	13.20
7	157367488	G	A	2.744711	22.9
7	158914230	T	A	0.739345	8.815
8	11564446	T	G	0.396236	5.385
8	11564613	G	T	0.351995	4.887
8	18059568	T	C	3.235507	24.0
8	22130605	T	C	2.521776	22.5
8	22130636	G	C	2.430153	22.2
8	22130702	G	A	2.493204	22.4
8	22130707	A	G	2.615855	22.7
8	22201444	T	C	2.076488	19.84
8	38245955	C	G	1.218032	13.78
8	39017211	A	G	2.753465	22.9
8	41708992	C	T	0.893033	10.36
8	41797646	A	G	0.442066	5.888
8	41797691	C	T	0.208539	3.221
8	60801598	G	C	2.382149	22.0
8	71271753	C	T	2.265393	21.3
8	71299637	C	T	5.252015	33
8	93755871	G	A	2.458903	22.3
8	93780872	A	G	5.079569	33
8	93791320	G	A	5.539133	34
8	99859482	T	C	5.189032	33
8	101493333	G	T	1.413743	15.17
8	102225020	T	C	5.940961	35
8	127091692	T	A	0.258376	3.802
8	144515243	C	T	3.241749	24.0
9	34637546	C	A	6.127350	35
9	35090061	C	T	3.046605	23.5
9	35657948	T	C	2.378181	22.0
9	70810048	G	A	2.041333	19.57
9	78240369	G	A	3.679092	25.3
9	78253282	G	A	2.287530	21.5
9	89338609	G	A	0.731474	8.743
9	95172033	T	A	3.773591	25.7
9	98768253	G	C	2.947528	23.3
9	101435912	C	T	0.518427	6.696
9	108899816	A	G	1.802146	17.75
9	113391634	G	A	-0.793279	0.026
9	120419975	T	C	2.250039	21.2
9	127785950	C	G	1.886462	18.38
9	128522658	A	G	2.356838	21.9
9	134727264	A	G	6.299900	35
9	134795057	T	G	2.251652	21.2
9	134814039	G	T	2.310176	21.6
9	134834960	T	A	2.246931	21.2
9	136676681	C	G	5.341993	34
X	13716530	A	G	2.024941	19.45
X	13719866	C	T	3.032314	23.5
X	13744405	T	G	3.281647	24.1
X	13750239	A	G	0.209165	3.229
X	15845898	C	T	3.868446	26.2
X	17721439	A	G	5.483161	34
X	21972576	G	A	2.744481	22.9
X	24726579	A	G	0.191787	3.030
X	31261301	T	C	0.566273	7.181
X	38300884	C	T	0.888317	10.31
X	40589122	T	A	1.112034	12.89
X	48824894	A	T	0.253129	3.741
X	55031184	G	C	0.127458	2.348
X	64921812	C	T	2.610040	22.7
X	70450784	G	C	5.724449	34
X	71544561	T	G	2.737011	22.9
X	72572052	C	T	2.486862	22.4
X	80025598	T	A	1.679814	16.89
X	101346683	T	G	1.759254	17.44
X	101353865	C	T	3.085536	23.6
X	101399747	C	T	0.318784	4.507
X	108570694	G	A	-0.004396	1.308
X	108573562	G	A	1.780033	17.59
X	108620226	A	G	0.859187	9.996
X	108621793	T	G	3.511755	24.7
X	108665496	C	A	0.667116	8.151
X	108666487	A	G	1.448941	15.41
X	108667124	C	G	0.456225	6.041
X	108695042	T	C	0.211292	3.253
X	124346784	G	C	4.165277	28.3
X	129553302	A	G	0.450167	5.975
X	129562373	G	A	2.938126	23.3
X	129841774	C	G	3.511008	24.7
X	133692368	C	A	5.060273	33
X	133953049	C	T	6.133112	35
X	136208453	A	G	5.167272	33
X	136208642	G	A	5.517258	34
X	139541073	A	G	2.802653	23.0
X	147921932	GG	TA	3.451721	24.6
X	150659654	A	G	3.030394	23.5
X	151403604	A	C	2.391658	22.1
X	151403604	A	T	2.355311	21.9
X	151403744	A	G	2.779594	23.0
X	151404909	T	G	1.636383	16.61
X	151404910	T	G	1.506676	15.78
X	151405064	A	G	1.360510	14.81
X	153865838	T	G	-0.546967	0.095
X	153867795	C	T	3.114644	23.7
X	153930761	A	T	4.688310	32
X	153971810	A	G	2.271759	21.4
X	154182566	A	C	1.270975	14.18
X	154367639	A	G	4.529723	32
X	154367741	G	C	3.084925	23.6
X	154370872	C	T	5.930811	35
X	154762824	C	G	0.873812	10.16
X	154774706	G	A	5.881624	35
X	154991304	C	T	-0.072940	0.944
