chr	pos	ref	alt	score
chr1	2408451	C	T	0.9914
chr1	3816372	T	C	0.98558
chr1	3839606	A	G	0.9895
chr1	11022737	T	C	0.85885
chr1	11023351	G	A	0.93464
chr1	11790916	C	T	0.74013
chr1	11791206	C	A	0.99554
chr1	11792276	A	C	0.99554
chr1	11793905	A	G	0.99422
chr1	11796205	C	A	0.99547
chr1	11802880	C	T	0.99554
chr1	11952736	G	A	0.99491
chr1	12004615	T	C	0.99524
chr1	16125329	C	T	0.73515
chr1	16996381	C	T	0.80565
chr1	17024076	T	C	0.99494
chr1	17027866	C	T	0.99522
chr1	17028599	C	T	0.99554
chr1	17028737	C	G	0.99523
chr1	17033058	A	T	0.99245
chr1	17033059	C	T	0.98188
chr1	17053947	C	A	0.99366
chr1	17053947	C	T	0.99359
chr1	21564217	G	A	0.99329
chr1	21573801	T	G	0.97667
chr1	23693914	G	A	0.99479
chr1	24337790	G	T	0.99542
chr1	24343026	G	T	0.99468
chr1	25553921	G	C	0.99481
chr1	25557269	T	G	0.99445
chr1	26447535	A	G	0.8865
chr1	42752536	C	A	0.99536
chr1	42757782	C	A	0.99498
chr1	44823064	G	A	0.72996
chr1	45332088	T	C	0.96285
chr1	46189457	C	T	0.99481
chr1	90916206	C	T	0.90506
chr1	94011395	A	G	0.705
chr1	94060536	C	A	0.99547
chr1	99880047	G	T	0.99554
chr1	99915491	G	A	0.96976
chr1	99916398	A	G	0.76012
chr1	100467953	C	G	0.84309
chr1	108903235	G	T	0.9959
chr1	109608607	C	T	0.67103
chr1	150491665	A	G	0.87074
chr1	150552897	G	A	0.98795
chr1	151025513	A	G	0.99357
chr1	151399579	G	A	0.95857
chr1	154167941	C	T	0.98914
chr1	155240629	C	T	0.98553
chr1	156137033	G	C	0.98298
chr1	156137237	G	C	0.80233
chr1	156137642	T	G	0.67583
chr1	156138758	G	A	0.99555
chr1	156138762	G	A	0.97285
chr1	158656669	A	C	0.57419
chr1	159204893	T	C	0.93898
chr1	160032009	G	C	0.94033
chr1	161356841	G	A	0.99557
chr1	183577598	C	T	0.99525
chr1	193122332	G	A	0.99442
chr1	193130173	G	A	0.99539
chr1	196673968	T	G	0.96677
chr1	202334984	C	T	0.92361
chr1	205169835	G	A	0.7942
chr1	209632777	C	T	0.995
chr1	209633028	C	T	0.72911
chr1	209633136	A	G	0.43358
chr1	214620653	A	C	0.99106
chr1	215891198	T	C	0.88691
chr1	225404715	T	C	0.6165
chr1	228149857	A	G	0.91461
chr1	228149860	A	G	0.9172
chr10	13295608	T	C	0.99316
chr10	27100460	C	T	0.88745
chr10	44378102	C	T	0.53271
chr10	69278711	G	C	0.76944
chr10	71799634	G	A	0.80012
chr10	78009519	C	T	0.40772
chr10	87863608	G	T	0.87301
chr10	87863705	G	A	0.96682
chr10	87933253	T	G	0.99458
chr10	89011997	A	C	0.94816
chr10	89012083	T	A	0.94736
chr10	89012083	T	C	0.9486
chr10	93620620	T	A	0.67701
chr10	98435267	C	T	0.97453
chr10	99808231	T	A	0.99556
chr10	99811604	T	C	0.99294
chr10	102835249	C	A	0.98647
chr10	121517316	T	C	0.96816
chr10	121517464	C	T	0.99433
chr10	125816702	A	G	0.9466
chr10	125816708	C	T	0.85412
chr10	125816718	G	T	0.76663
chr10	125816722	G	T	0.76019
chr10	133369901	C	G	0.83835
chr11	299504	G	A	0.94125
chr11	680959	T	G	0.84347
chr11	2160544	C	T	0.52693
chr11	2165787	A	T	0.6098
chr11	2395971	G	A	0.97306
chr11	5225487	T	C	0.82047
chr11	5225729	G	T	0.96752
chr11	5225832	G	C	0.45155
chr11	5225923	G	A	0.28459
chr11	5226820	C	T	0.37114
chr11	5226924	A	G	0.81864
chr11	5226925	C	A	0.7276
chr11	5226925	C	G	0.7269
chr11	5226925	C	T	0.70321
chr11	5227099	T	C	0.86719
chr11	5227099	T	G	0.87796
chr11	5227100	T	C	0.93692
chr11	5227101	A	T	0.92807
chr11	5227102	T	C	0.93746
chr11	5227103	G	T	0.86582
chr11	5227157	G	C	0.72969
chr11	5227158	G	C	0.67485
chr11	5227159	G	A	0.65607
chr11	5227172	G	A	0.75874
chr11	5234514	T	C	0.86345
chr11	5234559	T	A	0.73767
chr11	5234560	A	G	0.67483
chr11	5249971	G	A	0.97296
chr11	5249974	C	T	0.88166
chr11	5250052	G	C	0.8417
chr11	5250053	G	A	0.90382
chr11	5250055	A	G	0.80757
chr11	5254895	G	A	0.98745
chr11	5254895	G	T	0.97935
chr11	5254956	A	G	0.80458
chr11	5254983	G	C	0.85304
chr11	6616513	T	C	0.47906
chr11	17388225	C	A	0.78713
chr11	18310943	T	C	0.73622
chr11	31664397	C	A	0.82842
chr11	31806397	C	G	0.97005
chr11	31810826	A	T	0.97502
chr11	32391966	A	T	0.97915
chr11	32391967	C	T	0.98178
chr11	32391968	G	A	0.97929
chr11	34960519	G	A	0.99445
chr11	34984569	G	A	0.70064
chr11	44171743	G	A	0.99554
chr11	46739505	G	A	0.76097
chr11	47337820	T	C	0.52602
chr11	47343281	C	T	0.57149
chr11	47347852	C	T	0.89697
chr11	47448165	G	T	0.8076
chr11	47449174	T	C	0.92203
chr11	61967589	T	A	0.9629
chr11	62691424	G	C	0.89611
chr11	62692371	C	T	0.94436
chr11	63976224	G	C	0.99198
chr11	65206824	G	A	0.90611
chr11	65547915	C	T	0.8218
chr11	68041392	A	T	0.97027
chr11	68390053	G	A	0.99335
chr11	72234616	G	A	0.99576
chr11	78114262	T	C	0.95634
chr11	102594759	T	A	0.99402
chr11	108235839	G	A	0.73805
chr11	108293479	T	C	0.98886
chr11	112228271	A	T	0.70953
chr11	118340370	C	T	0.82945
chr11	119101490	C	T	0.97243
chr11	134216922	T	C	0.54005
chr12	14884212	C	T	0.98252
chr12	14884247	T	C	0.93445
chr12	48980693	A	G	0.92047
chr12	56355703	C	G	0.78706
chr12	57782862	A	G	0.66074
chr12	88101183	T	C	0.72557
chr12	101757566	A	C	0.58792
chr12	102843782	G	A	0.62391
chr12	102843790	C	T	0.37669
chr12	102844333	T	C	0.90554
chr12	102852814	C	T	0.99516
chr12	110281780	C	G	0.81143
chr12	112455948	A	C	0.99351
chr12	112482073	G	T	0.9948
chr12	119832768	T	A	0.95
chr12	132643404	T	C	0.92128
chr13	20193020	G	A	0.97526
chr13	24885671	C	G	0.98939
chr13	31247104	G	A	0.92054
chr13	39699477	A	G	0.8747
chr13	48303715	G	A	0.98482
chr13	48303724	G	T	0.97177
chr13	83878728	C	T	0.90944
chr14	23431584	C	T	0.99376
chr14	36518022	T	A	0.9911
chr14	65724328	G	T	0.97699
chr14	74486324	C	T	0.97669
chr14	75958692	G	A	0.55915
chr14	75980923	C	T	0.82215
chr14	77298688	C	T	0.99552
chr14	77320429	C	G	0.91794
chr14	81092611	G	C	0.89474
chr14	88833691	A	G	0.99152
chr14	88843851	G	A	0.99542
chr15	42731206	C	T	0.48158
chr15	48226575	A	G	0.97417
chr15	48446701	C	T	0.96659
chr15	48474652	T	A	0.99523
chr15	51218539	A	G	0.98651
chr15	51218658	G	T	0.63884
chr15	51236858	C	T	0.99538
chr15	52153937	T	C	0.82747
chr15	57234110	G	C	0.40832
chr15	68211258	C	A	0.97734
chr15	72349266	C	T	0.73867
chr15	80180230	G	A	0.99316
chr15	91004872	C	G	0.97639
chr16	173692	A	G	0.6725
chr16	173694	A	G	0.72486
chr16	1772656	C	T	0.74746
chr16	4798564	C	G	0.62966
chr16	8772778	A	G	0.99051
chr16	14627189	T	C	0.99406
chr16	16221832	C	T	0.99417
chr16	17138534	G	A	0.81434
chr16	23445968	T	C	0.63431
chr16	23452822	T	G	0.97044
chr16	31191479	G	A	0.80301
chr16	31484657	C	A	0.70924
chr16	46693187	G	A	0.6001
chr16	47502989	A	G	0.99447
chr16	57656620	G	C	0.83212
chr16	67436156	C	T	0.56264
chr16	67942609	A	G	0.44774
chr16	71576031	T	C	0.71296
chr16	88735134	C	T	0.98044
chr16	89651659	C	T	0.38198
chr17	562498	C	T	0.98223
chr17	3659855	C	G	0.94233
chr17	4901641	C	T	0.73824
chr17	4903159	G	A	0.82126
chr17	6610163	G	T	0.66101
chr17	8173444	G	A	0.78102
chr17	8173448	G	C	0.74494
chr17	8173531	T	C	0.70758
chr17	8173532	C	T	0.76015
chr17	8173569	G	A	0.94814
chr17	8175756	C	T	0.99544
chr17	19347782	A	G	0.98466
chr17	28402322	C	T	0.99541
chr17	31221842	A	G	0.55221
chr17	31336328	A	G	0.56309
chr17	38334703	C	T	0.99112
chr17	40819516	C	T	0.99481
chr17	42901110	A	G	0.96206
chr17	43099773	A	T	0.97122
chr17	44262928	C	T	0.84981
chr17	44351164	G	A	0.98763
chr17	44375719	G	C	0.50791
chr17	45477899	C	T	0.9959
chr17	58210658	C	T	0.97707
chr17	58219149	A	G	0.9941
chr17	63917755	C	G	0.5831
chr17	63917759	C	G	0.95535
chr17	63917989	C	T	0.50702
chr17	63918011	A	G	0.63136
chr17	63918012	C	T	0.66918
chr17	63918015	A	G	0.89668
chr17	63918016	C	G	0.9576
chr17	63918016	C	T	0.96447
chr17	63918138	T	A	0.97387
chr17	68512549	G	A	0.98925
chr17	68528994	A	G	0.88575
chr17	68529919	G	A	0.99518
chr17	68543723	T	C	0.99533
chr17	75836338	C	T	0.9887
chr17	75840506	C	A	0.98987
chr17	77320193	G	C	0.915
chr17	78124181	T	A	0.85029
chr17	80104542	T	G	0.62477
chr17	80182795	G	A	0.86311
chr17	82893535	C	G	0.359
chr18	23001782	T	G	0.69199
chr18	47851273	C	T	0.99469
chr18	57551312	T	C	0.96716
chr18	57554259	C	T	0.99563
chr18	57571588	A	G	0.36281
chr18	57580222	G	A	0.50966
chr18	58723046	A	G	0.99493
chr18	62113129	C	T	0.81903
chr18	70135176	T	C	0.43526
chr18	79710825	C	T	0.65143
chr19	1105814	G	A	0.9585
chr19	6361944	A	G	0.96041
chr19	7456408	G	A	0.77532
chr19	11021722	C	G	0.78982
chr19	11035133	G	A	0.99526
chr19	11105602	T	C	0.98094
chr19	11120523	G	A	0.99521
chr19	11120608	C	G	0.38906
chr19	35033497	A	C	0.99292
chr19	35033827	G	A	0.99245
chr19	35126265	C	A	0.95122
chr19	43744768	T	C	0.97037
chr19	45553912	C	G	0.99499
chr19	48297995	C	T	0.75362
chr19	48965344	C	T	0.97806
chr19	48965347	C	T	0.97151
chr19	48965348	A	G	0.93948
chr19	48965349	G	C	0.94807
chr19	48965359	G	C	0.93178
chr19	49016546	C	A	0.99442
chr19	49016546	C	G	0.99427
chr19	54123563	A	G	0.77483
chr19	54934488	C	T	0.94979
chr19	54940930	C	T	0.87967
chr2	1887487	C	T	0.99501
chr2	19982552	A	T	0.83637
chr2	25164783	G	T	0.67586
chr2	26238931	T	C	0.95837
chr2	26238933	C	T	0.99549
chr2	27226128	C	T	0.8179
chr2	27226130	G	A	0.99496
chr2	27457760	A	T	0.84582
chr2	32128483	A	G	0.97356
chr2	46909018	C	T	0.98082
chr2	46994356	G	T	0.87473
chr2	47022084	T	A	0.66802
chr2	47414421	A	T	0.94089
chr2	47476362	T	A	0.87786
chr2	47480876	G	C	0.85168
chr2	62904596	G	A	0.8957
chr2	69245213	A	G	0.26045
chr2	71590178	A	G	0.81615
chr2	71661900	G	T	0.87798
chr2	71664443	G	A	0.97371
chr2	73844893	G	T	0.98259
chr2	73950574	C	G	0.51985
chr2	74531106	G	C	0.99287
chr2	84459170	C	G	0.83291
chr2	85559076	C	A	0.9953
chr2	86252072	T	C	0.99526
chr2	86254816	T	C	0.99526
chr2	88570873	C	T	0.99546
chr2	97733464	G	A	0.71338
chr2	108910459	C	T	0.99584
chr2	108930963	C	T	0.99356
chr2	112001199	A	G	0.99457
chr2	112019523	G	T	0.9951
chr2	113060943	T	C	0.94444
chr2	135120817	A	G	0.99522
chr2	165754927	C	T	0.98051
chr2	166051705	A	C	0.60145
chr2	168990800	C	T	0.99581
chr2	169014300	T	G	0.96893
chr2	169493012	A	G	0.96298
chr2	188988140	T	C	0.97572
chr2	188996501	G	T	0.93901
chr2	188997394	G	A	0.97627
chr2	189003067	G	T	0.9804
chr2	189061561	C	A	0.9944
chr2	190062219	C	T	0.98504
chr2	190294639	A	C	0.64211
chr2	190296956	G	C	0.78865
chr2	201628075	C	A	0.99563
chr2	202376806	G	A	0.73743
chr2	202513709	T	C	0.87433
chr2	202520206	G	T	0.9668
chr2	202542302	A	G	0.92644
chr2	203868052	G	T	0.98738
chr2	203871492	G	C	0.97254
chr2	232482850	C	A	0.98644
chr2	232484469	T	A	0.80695
chr2	233761152	G	C	0.99534
chr2	233768218	A	G	0.99472
chr2	238352956	T	G	0.86046
chr20	2467201	G	T	0.89776
chr20	10641459	C	G	0.99342
chr20	18057908	A	C	0.88833
chr20	18057941	A	G	0.8947
chr20	23049655	C	A	0.84118
chr20	32807751	G	A	0.64786
chr20	44625568	C	T	0.99573
chr20	45893314	A	G	0.90992
chr20	50945767	A	T	0.95341
chr20	62818517	G	A	0.9911
chr20	63689870	G	A	0.6612
chr21	33582064	T	C	0.84282
chr21	33583688	T	C	0.61102
chr21	34880714	C	A	0.99487
chr21	36767213	C	T	0.95741
chr21	42485807	G	T	0.9137
chr21	43058970	T	G	0.99255
chr21	43774760	C	G	0.99435
chr21	44330349	T	A	0.84063
chr21	46125265	G	T	0.9947
chr22	19723410	C	G	0.70596
chr22	20061684	G	A	0.99507
chr22	20985828	G	A	0.67366
chr22	29636877	G	T	0.99529
chr22	30613044	T	G	0.98408
chr22	30615125	A	T	0.37025
chr22	32493282	G	T	0.99576
chr22	42619946	C	A	0.99448
chr22	42628144	C	G	0.35637
chr3	3146404	T	C	0.68739
chr3	3147899	C	G	0.60251
chr3	4782744	A	T	0.50775
chr3	4788144	G	T	0.96135
chr3	9453732	A	G	0.58641
chr3	14156333	A	C	0.99536
chr3	14168389	A	T	0.80123
chr3	14168404	T	C	0.73812
chr3	30688382	A	G	0.99516
chr3	31622328	G	T	0.8154
chr3	37001058	G	A	0.94632
chr3	37008801	A	G	0.8055
chr3	39391440	G	A	0.9951
chr3	46370771	C	T	0.58548
chr3	48884134	A	C	0.82251
chr3	49171662	C	T	0.69282
chr3	49422505	G	A	0.92206
chr3	51986254	G	A	0.98646
chr3	52407318	T	C	0.99208
chr3	69936756	G	A	0.99427
chr3	81648851	C	G	0.97202
chr3	119515865	A	G	0.57931
chr3	122257080	G	T	0.99408
chr3	128481945	C	A	0.99459
chr3	129461309	G	A	0.96775
chr3	142465860	G	C	0.72989
chr3	148994280	G	C	0.89657
chr3	149163840	A	G	0.99475
chr3	149176413	C	T	0.99421
chr3	180650140	T	C	0.20627
chr3	180987023	C	G	0.99519
chr4	1003475	G	A	0.96164
chr4	5793722	G	T	0.946
chr4	6291188	A	G	0.48435
chr4	6293966	C	G	0.70088
chr4	42963153	A	T	0.55913
chr4	43020345	C	A	0.58381
chr4	54727928	G	A	0.99383
chr4	55418167	G	A	0.22364
chr4	70635895	G	A	0.99388
chr4	78472331	G	T	0.99417
chr4	87657031	G	C	0.99506
chr4	88523797	C	T	0.97675
chr4	94253672	G	T	0.99341
chr4	102579043	A	G	0.95638
chr4	108024034	G	T	0.52485
chr4	127898434	C	G	0.87589
chr4	154569320	C	T	0.54774
chr4	154569800	G	T	0.9953
chr4	154608970	T	A	0.55671
chr4	154612013	C	T	0.89905
chr4	154612527	C	T	0.96853
chr4	157136891	G	A	0.84044
chr4	183684059	G	A	0.96751
chr4	183686751	A	G	0.95423
chr4	186274115	G	A	0.99529
chr4	186287824	G	A	0.99502
chr5	33964017	C	T	0.99515
chr5	42711206	G	T	0.99087
chr5	56859707	T	A	0.85441
chr5	60927745	C	G	0.73477
chr5	68293835	G	C	0.99551
chr5	68293835	G	T	0.99557
chr5	74720617	G	A	0.32703
chr5	78839434	A	C	0.92647
chr5	83537002	T	A	0.9345
chr5	83537002	T	C	0.93515
chr5	83537005	A	G	0.99346
chr5	83537005	A	T	0.99365
chr5	83537006	G	A	0.99506
chr5	83537006	G	C	0.99501
chr5	83542269	G	A	0.99426
chr5	83542270	T	A	0.99127
chr5	90628554	C	G	0.67523
chr5	112707526	A	G	0.9008
chr5	112707526	A	T	0.95502
chr5	112707527	T	C	0.91571
chr5	112707528	G	A	0.98142
chr5	128328823	T	A	0.99455
chr5	128335592	T	C	0.50566
chr5	138441091	G	T	0.92266
chr5	148086403	A	T	0.91288
chr5	149960981	T	C	0.9639
chr6	6320575	T	G	0.34495
chr6	33700516	G	C	0.72108
chr6	43049665	G	T	0.76284
chr6	50828617	A	T	0.99416
chr6	50828684	G	A	0.89578
chr6	83857238	T	G	0.97019
chr6	116877784	A	G	0.67244
chr6	136845605	A	G	0.54004
chr6	152321898	T	C	0.76308
chr6	158158267	A	G	0.85706
chr6	158986423	T	C	0.9475
chr7	246512	G	C	0.86648
chr7	248312	C	G	0.79525
chr7	5989798	A	T	0.98091
chr7	37862001	C	T	0.65481
chr7	56104221	C	T	0.82096
chr7	94395818	A	G	0.49245
chr7	94401565	A	G	0.99471
chr7	94412122	G	A	0.98693
chr7	94426532	T	C	0.98384
chr7	107660756	T	C	0.81823
chr7	117509146	A	G	0.97394
chr7	117589467	A	G	0.56399
chr7	117611555	A	G	0.76806
chr7	117627502	T	C	0.52687
chr7	117627774	A	G	0.98289
chr7	117639961	C	T	0.68067
chr7	129774757	C	T	0.94849
chr7	138734135	C	T	0.99523
chr7	138762435	C	T	0.99541
chr7	141615468	C	G	0.46151
chr7	143332409	T	C	0.78092
chr7	154305155	C	T	0.94333
chr7	156791137	T	C	0.8672
chr7	156791255	G	C	0.78939
chr7	156791472	C	T	0.77894
chr7	156791474	G	A	0.76789
chr7	156791480	G	A	0.72346
chr7	156791542	A	C	0.86795
chr7	156791547	A	G	0.87339
chr7	156791571	T	A	0.84046
chr7	156791579	C	T	0.77218
chr7	156791581	A	G	0.82134
chr7	156791771	G	C	0.70509
chr7	157367488	G	A	0.96046
chr7	158914230	T	A	0.38951
chr8	11564446	T	G	0.27442
chr8	11564613	G	T	0.72488
chr8	18059568	T	C	0.95139
chr8	22130605	T	C	0.94322
chr8	22130636	G	C	0.95184
chr8	22130702	G	A	0.96504
chr8	22130707	A	G	0.91691
chr8	22201444	T	C	0.88077
chr8	38245955	C	G	0.83135
chr8	39017211	A	G	0.60082
chr8	41708992	C	T	0.68937
chr8	41797646	A	G	0.64888
chr8	41797691	C	T	0.87845
chr8	60801598	G	C	0.80631
chr8	71271753	C	T	0.84471
chr8	71299637	C	T	0.99515
chr8	93755871	G	A	0.33874
chr8	93780872	A	G	0.99456
chr8	93791320	G	A	0.99425
chr8	99859482	T	C	0.9948
chr8	101493333	G	T	0.92162
chr8	102225020	T	C	0.99486
chr8	127091692	T	A	0.71493
chr8	144515243	C	T	0.99308
chr9	34637546	C	A	0.9945
chr9	35090061	C	T	0.96789
chr9	35657948	T	C	0.91466
chr9	70810048	G	A	0.92271
chr9	78240369	G	A	0.97103
chr9	78253282	G	A	0.52475
chr9	89338609	G	A	0.38865
chr9	95172033	T	A	0.9512
chr9	98768253	G	C	0.80735
chr9	101435912	C	T	0.48904
chr9	108899816	A	G	0.89989
chr9	113391634	G	A	0.45033
chr9	120419975	T	C	0.75763
chr9	127785950	C	G	0.79864
chr9	128522658	A	G	0.65832
chr9	134727264	A	G	0.99211
chr9	134795057	T	G	0.86678
chr9	134814039	G	T	0.91499
chr9	134834960	T	A	0.58603
chr9	136676681	C	G	0.99166
chrX	13716530	A	G	0.98915
chrX	13719866	C	T	0.86825
chrX	13744405	T	G	0.81993
chrX	13750239	A	G	0.73251
chrX	15845898	C	T	0.98203
chrX	17721439	A	G	0.99172
chrX	21972576	G	A	0.88244
chrX	24726579	A	G	0.7135
chrX	31261301	T	C	0.78523
chrX	38300884	C	T	0.81455
chrX	40589122	T	A	0.73489
chrX	48824894	A	T	0.78318
chrX	55031184	G	C	0.63691
chrX	64921812	C	T	0.97507
chrX	70450784	G	C	0.9945
chrX	71544561	T	G	0.95807
chrX	72572052	C	T	0.95456
chrX	80025598	T	A	0.681
chrX	101346683	T	G	0.72108
chrX	101353865	C	T	0.96936
chrX	101399747	C	T	0.61656
chrX	108570694	G	A	0.54795
chrX	108573562	G	A	0.31517
chrX	108620226	A	G	0.67953
chrX	108621793	T	G	0.89194
chrX	108665496	C	A	0.73022
chrX	108666487	A	G	0.45007
chrX	108667124	C	G	0.59067
chrX	108695042	T	C	0.83038
chrX	124346784	G	C	0.97369
chrX	129553302	A	G	0.7296
chrX	129562373	G	A	0.61092
chrX	129841774	C	G	0.97107
chrX	133692368	C	A	0.99354
chrX	133953049	C	T	0.99524
chrX	136208453	A	G	0.98904
chrX	136208642	G	A	0.99296
chrX	139541073	A	G	0.85185
chrX	150659654	A	G	0.41378
chrX	151403604	A	C	0.74688
chrX	151403604	A	T	0.85546
chrX	151403744	A	G	0.93297
chrX	151404909	T	G	0.8614
chrX	151404910	T	G	0.93635
chrX	151405064	A	G	0.55723
chrX	153865838	T	G	0.66726
chrX	153867795	C	T	0.9431
chrX	153930761	A	T	0.97328
chrX	153971810	A	G	0.93991
chrX	154182566	A	C	0.6982
chrX	154367639	A	G	0.99253
chrX	154367741	G	C	0.58937
chrX	154370872	C	T	0.99404
chrX	154762824	C	G	0.66035
chrX	154774706	G	A	0.99561
chrX	154991304	C	T	0.85259
